source,target,layer,capacity_gbps,latency_ms,status,relationship,packet_loss_pct
0,1,physical,80,11.15,,,
0,2,physical,51,76.25,,,
0,3,physical,85,1.51,,,
0,4,physical,83,9.14,,,
0,5,physical,60,4.45,,,
0,6,physical,34,8.2,,,
0,7,physical,28,9.64,,,
0,10,physical,44,15.46,down,,
0,13,physical,49,6.29,,,
0,18,physical,54,5.79,,,
0,21,physical,11,9.94,down,,
0,25,physical,96,11.25,,,
0,41,physical,45,5.26,,,
0,43,physical,9,15.84,,,
0,49,physical,84,1.76,,,
0,53,physical,4,19.04,,,
0,54,physical,26,16.95,,,
0,62,physical,80,3.9,,,
0,67,physical,17,10.0,,,
0,68,physical,15,11.72,,,
0,74,physical,28,9.84,,,
0,94,physical,33,15.57,,,
0,95,physical,22,12.51,,,
0,103,physical,96,14.65,,,
0,120,physical,100,16.57,,,
0,137,physical,40,3.05,,,
0,155,physical,4,18.65,,,
0,165,physical,74,13.87,,,
0,170,physical,49,65.6,,,
0,180,physical,92,4.77,,,
0,187,physical,76,14.12,,,
0,200,physical,81,5.61,,,
0,213,physical,90,15.68,,,
0,229,physical,88,12.41,,,
0,384,physical,16,16.13,,,
0,457,physical,73,15.87,,,
0,470,physical,45,11.12,,,
0,482,physical,85,8.04,down,,
1,5,physical,65,13.3,,,
1,8,physical,2,17.14,,,
1,12,physical,63,3.01,,,
1,31,physical,47,13.08,,,
1,32,physical,59,14.44,,,
1,43,physical,56,4.35,,,
1,47,physical,67,19.34,,,
1,51,physical,35,12.7,,,
1,69,physical,69,15.72,,,
1,70,physical,60,9.28,,,
1,94,physical,94,12.26,,,
1,123,physical,42,17.18,,,
1,129,physical,12,6.3,,,
1,174,physical,58,5.63,,,
1,213,physical,60,11.83,,,
1,255,physical,86,8.2,,,
1,279,physical,4,10.39,,,
1,305,physical,42,4.45,,,
1,391,physical,28,7.74,,,
1,413,physical,34,7.47,,,
1,455,physical,77,14.32,,,
2,4,physical,36,11.56,,,
2,6,physical,67,19.01,,,
2,355,physical,11,5.59,,,
3,4,physical,53,10.28,,,
3,13,physical,98,5.57,,,
3,14,physical,61,13.27,,,
3,18,physical,63,9.52,,,
3,19,physical,3,2.77,,,
3,27,physical,29,8.68,,,
3,29,physical,32,6.82,,,
3,34,physical,75,8.01,,,
3,36,physical,71,11.09,,,
3,44,physical,55,19.94,,,
3,46,physical,71,7.29,,,
3,50,physical,90,9.62,,,
3,65,physical,40,5.78,,,
3,75,physical,16,14.7,,,
3,78,physical,41,3.27,,,
3,81,physical,69,19.07,,,
3,86,physical,89,4.52,,,
3,96,physical,28,15.03,,,
3,112,physical,36,14.77,,,
3,119,physical,98,10.97,,,
3,138,physical,37,19.63,,,
3,159,physical,25,6.63,,,
3,234,physical,47,4.41,,,
3,241,physical,2,14.45,,,
3,264,physical,17,6.21,,,
3,274,physical,7,11.51,,,
3,294,physical,90,18.94,,,
3,318,physical,82,17.5,,,
3,348,physical,63,2.95,,,
3,364,physical,2,11.91,,,
3,369,physical,61,10.1,,,
3,397,physical,44,4.5,,,
3,411,physical,7,5.8,,,
3,422,physical,62,3.17,,,
3,424,physical,9,8.61,,,
3,426,physical,10,11.96,,,
3,432,physical,88,2.02,,,
3,456,physical,20,16.41,,,
3,485,physical,39,2.62,,,
4,5,physical,32,3.25,,,
4,9,physical,98,8.91,,,
4,10,physical,77,16.02,,,
4,11,physical,29,15.74,,,18.14
4,12,physical,49,9.56,,,
4,16,physical,57,6.65,,,
4,20,physical,76,19.81,,,
4,21,physical,40,11.8,,,
4,25,physical,8,12.58,,,
4,29,physical,95,2.89,,,
4,30,physical,98,4.95,,,
4,34,physical,28,6.03,,,
4,37,physical,11,3.98,,,
4,38,physical,23,11.49,,,
4,52,physical,21,1.05,,,
4,55,physical,58,14.1,,,
4,56,physical,61,6.53,,,
4,58,physical,30,48.16,,,
4,62,physical,37,14.36,,,
4,67,physical,59,2.35,,,
4,69,physical,30,18.55,,,
4,72,physical,81,12.21,,,
4,74,physical,26,9.08,,,
4,78,physical,70,5.27,,,
4,84,physical,20,18.26,,,
4,85,physical,19,2.36,,,
4,93,physical,22,16.06,,,
4,111,physical,77,15.23,,,
4,113,physical,73,18.5,,,
4,122,physical,57,3.36,,,
4,125,physical,89,6.78,,,
4,128,physical,52,18.91,,,
4,130,physical,65,11.26,,,
4,133,physical,57,2.53,,,
4,135,physical,6,17.9,,,
4,192,physical,95,7.12,,,
4,194,physical,33,1.49,,,
4,197,physical,30,19.28,,,
4,216,physical,74,12.16,,,
4,221,physical,3,19.99,,,
4,222,physical,87,16.61,,,
4,224,physical,74,1.76,,,
4,253,physical,97,4.33,,,
4,258,physical,67,13.38,,,
4,270,physical,36,4.45,,,
4,289,physical,75,9.28,,,
4,300,physical,63,19.41,,,
4,303,physical,61,7.61,,,
4,317,physical,43,7.1,,,8.45
4,341,physical,14,17.3,,,
4,342,physical,43,8.82,,,
4,350,physical,64,6.48,,,
4,358,physical,52,16.46,,,
4,371,physical,71,1.7,,,
4,393,physical,12,6.98,,,
4,414,physical,42,3.2,,,
4,430,physical,99,8.68,,,
4,454,physical,66,16.67,,,
4,456,physical,1,13.5,,,
4,492,physical,70,9.78,,,
5,6,physical,7,4.56,,,
5,7,physical,47,12.83,,,
5,8,physical,64,12.88,,,
5,9,physical,98,1.98,,,
5,11,physical,35,11.44,,,
5,15,physical,37,9.32,,,
5,16,physical,90,10.21,,,
5,17,physical,4,19.49,,,
5,18,physical,78,16.19,,,
5,20,physical,91,4.01,,,
5,23,physical,71,1.26,,,
5,24,physical,53,2.77,,,
5,31,physical,15,9.77,,,
5,33,physical,16,13.31,,,
5,38,physical,20,10.47,,,
5,44,physical,92,6.55,,,
5,56,physical,91,6.2,,,
5,71,physical,62,19.62,,,
5,72,physical,32,9.68,,,
5,79,physical,19,8.29,,,
5,80,physical,77,10.66,,,
5,83,physical,18,17.42,,,
5,85,physical,36,15.68,,,
5,86,physical,54,7.46,,,
5,91,physical,65,6.08,,,
5,104,physical,1,6.37,,,
5,105,physical,39,16.91,,,
5,144,physical,75,19.98,,,
5,145,physical,63,17.44,,,
5,151,physical,58,11.23,,,
5,159,physical,45,7.32,,,
5,186,physical,98,11.33,,,
5,190,physical,59,18.72,,,
5,191,physical,25,19.63,,,
5,210,physical,31,11.86,,,
5,246,physical,30,17.26,,,
5,250,physical,53,1.83,,,
5,259,physical,96,9.99,,,
5,264,physical,49,8.34,,,
5,267,physical,85,16.06,,,
5,268,physical,84,19.64,,,
5,281,physical,64,19.33,,,
5,296,physical,17,10.54,,,
5,310,physical,76,7.31,,,
5,331,physical,13,17.61,,,
5,343,physical,57,2.89,,,
5,364,physical,59,1.29,,,
5,373,physical,19,8.79,,,
5,377,physical,84,19.43,,,
5,410,physical,10,9.92,,,
5,437,physical,34,7.43,,,
5,442,physical,89,8.55,,,
5,452,physical,11,17.18,,,
5,467,physical,87,17.33,,,
6,7,physical,49,19.13,,,
6,8,physical,81,14.66,,,
6,11,physical,98,10.27,,,
6,12,physical,70,1.68,,,
6,13,physical,9,5.46,,,
6,24,physical,88,18.5,,,
6,26,physical,30,15.19,,,
6,28,physical,56,19.59,,,
6,39,physical,98,13.04,,,
6,40,physical,13,9.43,,,
6,43,physical,89,6.69,,,
6,45,physical,4,1.87,,,
6,46,physical,8,6.57,,,
6,51,physical,48,9.18,,,
6,57,physical,32,11.09,,,
6,64,physical,73,13.95,,,
6,66,physical,24,4.23,,,
6,76,physical,11,12.58,,,
6,77,physical,49,12.77,,,
6,83,physical,31,10.46,,,
6,91,physical,75,3.72,,,
6,93,physical,60,13.12,,,
6,99,physical,59,5.85,,,
6,107,physical,2,18.08,,,
6,114,physical,60,18.12,,,
6,118,physical,87,11.39,,,
6,119,physical,10,9.39,,,
6,134,physical,45,19.77,,,
6,139,physical,39,13.14,,,
6,143,physical,55,14.12,,,
6,169,physical,59,17.06,,,
6,178,physical,26,19.99,,,
6,188,physical,62,3.03,,,
6,191,physical,49,11.87,,,
6,192,physical,74,6.62,,,
6,199,physical,90,6.61,,,
6,200,physical,85,8.52,,,
6,249,physical,2,11.75,,,
6,263,physical,88,15.79,,,
6,281,physical,7,18.3,,,
6,290,physical,96,10.44,,,
6,305,physical,37,15.74,,,
6,314,physical,30,12.53,,,
6,315,physical,46,5.16,,,
6,317,physical,25,12.8,,,
6,324,physical,87,15.36,,,9.49
6,334,physical,99,13.52,,,
6,344,physical,18,12.94,,,
6,346,physical,81,13.28,,,
6,362,physical,40,15.98,,,
6,367,physical,5,12.01,,,
6,383,physical,94,3.5,,,
6,387,physical,38,7.21,,,
6,402,physical,54,4.34,,,
6,407,physical,17,15.94,,,
6,418,physical,47,11.09,,,
6,424,physical,35,16.78,,,
6,434,physical,33,18.37,,,
6,446,physical,62,19.38,,,
6,460,physical,38,15.18,,,
6,461,physical,44,16.28,,,
6,489,physical,60,19.29,,,
6,491,physical,19,15.33,,,
7,9,physical,29,17.34,,,
7,10,physical,93,13.81,down,,
7,14,physical,51,19.38,,,
7,15,physical,72,7.95,,,
7,19,physical,51,1.26,,,
7,20,physical,69,3.35,,,
7,21,physical,48,13.78,,,
7,25,physical,87,5.98,down,,
7,30,physical,49,16.63,,,
7,33,physical,48,3.06,,,
7,41,physical,30,9.96,,,
7,44,physical,80,140.84,,,
7,49,physical,72,7.23,,,
7,56,physical,79,5.21,,,
7,58,physical,9,13.07,,,
7,64,physical,60,18.28,,,
7,74,physical,39,13.34,,,
7,82,physical,15,3.66,,,
7,86,physical,5,6.78,,,
7,87,physical,64,3.21,,,
7,110,physical,31,17.86,,,
7,111,physical,18,8.38,,,
7,123,physical,48,13.74,,,
7,126,physical,96,14.23,,,
7,132,physical,70,8.96,,,
7,150,physical,96,14.81,,,
7,161,physical,54,13.44,,,
7,162,physical,63,12.7,,,
7,179,physical,36,1.62,,,
7,195,physical,48,5.13,,,
7,201,physical,57,19.06,,,
7,225,physical,47,2.89,,,
7,227,physical,88,7.98,,,18.87
7,231,physical,83,7.81,,,
7,232,physical,51,6.24,,,
7,261,physical,16,19.03,,,
7,267,physical,59,2.74,,,
7,291,physical,28,13.19,,,
7,318,physical,77,19.45,,,
7,324,physical,7,15.95,,,
7,339,physical,32,19.79,,,
7,340,physical,73,29.95,,,
7,345,physical,98,11.53,,,
7,350,physical,76,5.1,,,
7,356,physical,30,7.24,,,
7,365,physical,19,15.98,,,
7,393,physical,77,1.05,,,
7,401,physical,19,19.76,down,,
7,407,physical,70,5.76,,,
7,419,physical,23,3.09,,,
7,426,physical,4,3.5,,,
7,431,physical,46,16.01,,,
7,441,physical,31,12.19,,,
7,445,physical,3,4.31,,,
7,446,physical,7,3.41,,,
7,452,physical,54,11.0,,,
7,489,physical,96,2.21,,,
8,14,physical,58,92.99,,,
8,22,physical,66,12.28,,,
8,35,physical,58,10.57,,,
8,39,physical,79,1.82,,,
8,58,physical,85,10.91,,,
8,61,physical,59,13.22,,,
8,71,physical,4,2.16,,,
8,80,physical,62,17.1,,,
8,83,physical,55,14.04,,,
8,88,physical,63,14.54,,,
8,133,physical,57,2.4,,,
8,156,physical,11,7.12,,,
8,195,physical,19,2.25,,,
8,204,physical,36,12.86,,,15.3
8,233,physical,75,11.42,,,
8,251,physical,42,8.24,,,
8,272,physical,77,11.08,,,
8,304,physical,59,10.61,,,
8,308,physical,56,2.88,,,
8,320,physical,90,3.17,,,
8,343,physical,84,13.37,,,
8,368,physical,99,11.48,,,
8,382,physical,28,9.17,,,
8,410,physical,30,8.86,,,
8,470,physical,59,8.58,,,
8,485,physical,94,2.81,,,
8,495,physical,55,6.94,,,
9,26,physical,33,8.11,,,
9,42,physical,20,14.05,,,
9,57,physical,61,2.28,,,
9,105,physical,11,2.77,,,
9,138,physical,13,15.15,,,
9,151,physical,48,16.42,,,
9,163,physical,72,2.14,,,
9,212,physical,72,11.67,,,
9,229,physical,86,3.32,,,
9,231,physical,46,17.6,,,
9,233,physical,97,9.04,,,
9,235,physical,93,1.98,,,
9,238,physical,37,12.41,,,
9,297,physical,46,2.97,,,
9,299,physical,65,5.04,,,
9,370,physical,85,10.16,,,
9,389,physical,14,7.65,,,
9,390,physical,72,7.98,,,
9,395,physical,98,6.29,,,
9,436,physical,29,16.34,,,
10,17,physical,72,19.52,,,
10,19,physical,80,12.66,,,
10,23,physical,83,11.58,,,
10,24,physical,78,18.65,,,
10,40,physical,89,6.08,,,
10,48,physical,24,6.19,,,
10,53,physical,98,6.87,,,
10,60,physical,44,7.67,,,
10,63,physical,24,17.53,,,
10,66,physical,73,13.49,,,
10,95,physical,9,3.7,,,
10,98,physical,82,156.78,,,
10,109,physical,12,15.18,,,
10,112,physical,28,8.15,,,
10,114,physical,59,7.48,,,
10,129,physical,48,6.92,,,
10,163,physical,42,15.76,,,
10,169,physical,73,12.33,,,
10,172,physical,7,3.96,,,
10,192,physical,97,12.74,,,
10,237,physical,87,2.55,,,
10,246,physical,57,13.58,,,
10,255,physical,63,12.53,,,
10,284,physical,54,6.19,,,
10,302,physical,97,10.73,,,
10,320,physical,45,9.17,,,
10,345,physical,37,13.89,,,
10,351,physical,76,10.25,,,
10,356,physical,86,6.86,,,
10,403,physical,29,8.51,,,
10,452,physical,77,2.04,,,
11,90,physical,27,6.73,,,
11,100,physical,28,15.58,,,
11,104,physical,98,5.85,,,
11,127,physical,42,3.28,,,
11,174,physical,64,15.19,,,
11,240,physical,23,3.45,,,
11,342,physical,69,14.37,,,
11,471,physical,65,11.62,,,
12,15,physical,86,16.32,,,
12,22,physical,10,8.54,,,
12,29,physical,95,1.8,,,
12,46,physical,3,9.74,,,
12,47,physical,10,17.38,,,
12,50,physical,74,9.16,,,
12,51,physical,52,14.48,,,
12,55,physical,54,6.5,,,
12,68,physical,52,1.4,,,
12,97,physical,42,4.27,,,
12,98,physical,80,9.74,,,
12,99,physical,89,18.48,,,
12,101,physical,12,9.3,,,
12,128,physical,14,5.62,,,
12,136,physical,76,8.61,,,
12,143,physical,11,8.52,,,
12,148,physical,40,15.17,,,
12,150,physical,29,7.33,,,
12,154,physical,22,2.45,,,
12,174,physical,82,3.17,,,
12,203,physical,66,4.68,,,
12,206,physical,100,7.64,,,
12,218,physical,94,19.21,,,
12,259,physical,83,16.49,,,
12,262,physical,31,2.95,,,
12,266,physical,33,4.75,,,
12,267,physical,78,3.9,,,
12,277,physical,98,13.45,,,
12,292,physical,23,19.07,,,
12,326,physical,81,10.39,,,
12,344,physical,97,11.71,,,
12,425,physical,75,9.53,,,
12,451,physical,73,13.22,,,10.71
12,464,physical,80,46.36,,,
12,493,physical,81,7.01,,,
12,494,physical,57,2.3,,,
13,35,physical,57,13.0,,,
13,59,physical,36,12.24,,,
13,79,physical,46,10.64,,,
13,97,physical,40,9.77,,,
13,122,physical,5,2.08,,,
13,168,physical,37,2.46,,,
13,232,physical,12,12.69,,,
13,256,physical,65,8.31,,,
13,286,physical,75,11.53,,,
13,437,physical,95,18.02,,,
13,459,physical,58,18.27,,,
14,16,physical,74,13.38,,,
14,17,physical,42,12.5,,,
14,27,physical,65,3.87,,,
14,30,physical,8,9.56,,,
14,32,physical,44,19.67,,,
14,48,physical,11,10.59,,,
14,59,physical,23,1.74,,,
14,87,physical,91,9.32,,,
14,103,physical,57,10.96,,,
14,115,physical,79,4.02,,,
14,149,physical,48,18.44,,,
14,157,physical,50,8.77,,,
14,219,physical,44,13.9,,,
14,223,physical,7,16.0,,,
14,247,physical,83,7.36,,,
14,268,physical,43,2.8,,,
14,331,physical,87,8.34,,,
14,497,physical,33,14.75,,,
15,89,physical,85,19.32,,,
15,113,physical,78,17.59,,,
15,114,physical,43,2.55,,,
15,134,physical,85,3.69,,,
15,177,physical,45,6.89,,,
15,183,physical,84,14.27,,,
16,22,physical,51,3.45,,,
16,28,physical,91,18.82,,,
16,48,physical,40,11.62,,,
16,53,physical,83,16.04,,,
16,61,physical,17,13.73,down,,
16,66,physical,95,19.95,,,
16,102,physical,68,2.78,,,
16,106,physical,86,9.04,down,,
16,116,physical,47,1.35,,,
16,121,physical,40,4.42,,,
16,126,physical,28,7.49,,,
16,135,physical,99,10.24,,,
16,163,physical,29,20.0,,,
16,232,physical,20,2.47,,,
16,339,physical,13,10.65,,,
16,352,physical,70,16.87,,,
17,409,physical,68,1.72,,,
17,449,physical,44,17.65,,,
18,88,physical,80,3.49,,,
18,91,physical,49,3.93,,,
18,127,physical,24,16.8,,,
18,188,physical,99,12.87,,,
18,209,physical,22,14.7,,,
18,292,physical,6,8.81,,,
18,405,physical,87,14.67,,,
18,432,physical,57,12.6,,,
19,33,physical,97,15.22,,,
19,52,physical,58,5.45,,,
19,76,physical,31,6.88,,,
19,90,physical,61,18.18,,,
19,167,physical,25,7.99,,,
19,207,physical,74,19.7,,,
19,404,physical,60,15.62,,,
20,23,physical,100,8.26,,,
20,73,physical,68,8.95,,,
20,121,physical,21,16.52,,,
20,140,physical,78,3.63,,,
20,145,physical,33,1.99,,,11.43
20,230,physical,62,17.61,,,
20,298,physical,71,18.75,,,
20,418,physical,92,17.07,,,
20,456,physical,16,6.42,,,
20,471,physical,98,4.05,,,
21,69,physical,58,18.2,,,
21,164,physical,19,16.79,,,
21,190,physical,12,18.98,,,
21,293,physical,29,16.52,,,
21,435,physical,45,18.68,,,
22,27,physical,54,2.01,,,
22,31,physical,65,8.11,,,
22,34,physical,50,19.9,,,
22,45,physical,48,5.27,,,
22,68,physical,41,18.69,,,
22,71,physical,92,13.35,,,
22,92,physical,19,3.61,,,
22,93,physical,37,18.43,,,
22,122,physical,61,14.23,,,
22,148,physical,18,15.42,,,
22,161,physical,61,9.52,,,
22,167,physical,1,18.21,,,
22,178,physical,3,5.86,,,
22,230,physical,20,11.43,,,
22,284,physical,94,12.57,,,
22,323,physical,55,3.11,,,
22,333,physical,37,5.52,,,
22,335,physical,16,1.91,,,
22,359,physical,54,77.65,,,
22,361,physical,80,9.69,,,
22,392,physical,15,16.9,,,
22,393,physical,64,12.34,,,
22,398,physical,3,13.01,,,
22,555,logical,,,,RUNS_ON,
23,57,physical,74,5.6,,,
23,76,physical,19,6.53,,,
23,137,physical,1,12.68,down,,
23,149,physical,31,11.84,,,
23,221,physical,24,13.62,,,
23,311,physical,11,10.95,,,
23,312,physical,47,2.29,,,
24,39,physical,68,11.34,,,
24,137,physical,65,11.53,,,
24,208,physical,50,17.59,,,
25,26,physical,6,13.08,,,
25,36,physical,48,5.82,,,
25,45,physical,3,7.78,,,
25,47,physical,9,7.55,,,
25,60,physical,94,13.48,,,
25,65,physical,14,15.66,,,
25,82,physical,95,15.38,,,
25,84,physical,18,1.84,,,
25,104,physical,70,7.43,,,
25,115,physical,83,4.33,,,
25,121,physical,100,14.01,,,
25,224,physical,90,10.09,,,
25,263,physical,24,16.42,,,
25,289,physical,9,14.6,,,
25,321,physical,59,1.7,,,
25,354,physical,26,1.83,,,
25,379,physical,26,17.83,,,
25,415,physical,41,18.73,,,
25,540,logical,,,,RUNS_ON,
26,28,physical,66,8.57,,,
26,36,physical,70,9.99,,,
26,73,physical,5,15.31,,,
26,88,physical,25,6.44,,,
26,136,physical,100,1.91,,,
26,147,physical,84,7.31,,,
26,175,physical,16,16.19,,,
26,248,physical,56,17.9,,,
26,301,physical,96,9.35,,,
26,341,physical,50,7.44,,,
26,351,physical,24,10.43,,,
26,380,physical,64,7.98,,,
26,408,physical,67,6.07,,,6.9
26,463,physical,11,14.81,down,,
27,37,physical,11,9.18,,,
27,38,physical,24,11.36,,,
27,80,physical,42,2.95,,,
27,189,physical,42,13.56,,,
27,288,physical,40,9.47,,,
27,295,physical,92,9.1,,,
27,388,physical,89,9.43,,,
27,420,physical,58,1.8,,,
27,491,physical,46,12.68,,,
28,242,physical,56,6.22,,,
28,317,physical,8,2.43,,,
28,495,physical,82,8.72,,,
29,42,physical,66,16.22,,,
29,63,physical,87,4.04,,,
29,70,physical,4,3.71,,,
29,101,physical,78,13.88,,,
29,117,physical,57,1.66,,,
29,123,physical,9,5.48,,,
29,141,physical,83,7.96,,,
29,147,physical,50,19.04,,,
29,414,physical,5,12.5,,,
30,32,physical,87,9.55,,,
30,54,physical,48,8.07,,,
30,131,physical,98,2.46,,,
30,143,physical,18,11.06,,,
30,205,physical,51,6.97,,,
30,206,physical,36,5.74,,,
30,228,physical,15,1.49,,,
30,257,physical,24,10.48,,,
30,265,physical,50,18.36,,,
30,307,physical,16,5.97,,,
30,315,physical,34,14.38,,,
30,316,physical,28,19.93,,,
30,423,physical,37,14.19,,,
30,486,physical,63,4.8,,,
31,67,physical,18,17.2,,,
31,84,physical,58,4.28,,,
31,100,physical,92,9.46,,,
31,184,physical,12,16.4,,,
31,222,physical,41,13.69,,,
31,223,physical,91,2.23,,,
31,234,physical,70,6.52,,,
31,271,physical,39,17.18,,,
31,480,physical,92,122.31,,,
32,258,physical,90,13.12,,,
32,378,physical,47,91.07,,,
32,465,physical,16,19.72,,,
33,55,physical,18,5.5,,,
33,145,physical,64,1.5,,,
33,153,physical,71,11.87,,,
33,207,physical,60,16.27,,,
33,234,physical,71,3.47,,,
33,297,physical,12,2.25,,,
33,306,physical,51,19.99,,,
33,339,physical,93,10.09,,,
33,385,physical,53,15.61,,,
33,434,physical,74,2.4,,,
33,435,physical,41,13.2,,,
34,35,physical,58,9.85,,,
34,37,physical,67,7.55,,,
34,40,physical,100,11.47,,,
34,52,physical,76,4.46,,,
34,63,physical,17,9.22,,,
34,64,physical,8,16.8,,,
34,102,physical,67,3.91,,,
34,136,physical,22,4.08,,,
34,139,physical,91,5.28,,,
34,141,physical,67,18.0,,,
34,152,physical,11,5.76,,,
34,186,physical,82,19.17,,,
34,193,physical,36,3.38,,,
34,195,physical,39,12.67,,,
34,214,physical,12,91.5,,,
34,219,physical,22,12.24,,,
34,253,physical,75,3.93,down,,
34,273,physical,85,12.87,,,
34,274,physical,78,7.41,,,
34,320,physical,73,1.78,,,
34,325,physical,4,2.54,,,
34,353,physical,83,15.65,,,
34,387,physical,34,13.37,,,
34,395,physical,99,11.87,,,
34,497,physical,80,13.14,down,,
35,156,physical,64,17.89,,,
35,363,physical,70,6.5,,,
36,42,physical,39,10.18,,,
36,313,physical,88,8.72,,,
36,328,physical,59,2.39,,,
37,78,physical,8,4.0,,,
37,108,physical,54,10.2,,,
37,125,physical,27,7.46,,,
37,131,physical,19,6.94,,,
37,244,physical,92,7.07,,,
37,321,physical,45,19.53,,,
37,449,physical,17,15.45,,,
38,124,physical,66,11.67,,,
38,139,physical,41,5.59,,,
38,460,physical,16,6.08,,,
39,41,physical,32,3.68,,,
39,79,physical,7,6.51,,,
39,239,physical,50,17.42,,,
40,152,physical,54,5.72,,,
41,49,physical,21,16.46,,,
41,65,physical,74,14.7,,,
41,155,physical,25,15.5,,,
41,199,physical,64,19.92,,,
41,223,physical,60,10.48,,,
41,300,physical,40,10.45,,,
41,389,physical,12,18.96,,,
41,396,physical,65,9.69,,,
41,410,physical,31,5.09,,,
42,81,physical,46,1.92,,,
42,110,physical,37,10.4,,,
42,175,physical,84,13.78,,,
42,342,physical,37,11.2,,,
42,411,physical,14,9.19,,,
42,477,physical,34,14.82,,,
43,59,physical,98,8.66,,,
43,109,physical,6,8.61,,,
43,156,physical,73,11.67,,,
43,239,physical,47,11.51,,,
43,282,physical,10,8.34,,,
43,487,physical,58,15.52,,,
44,54,physical,36,16.68,,,
44,110,physical,80,13.93,,,
44,116,physical,16,3.44,,,
44,467,physical,13,8.48,,,
45,50,physical,44,11.6,,,
45,89,physical,47,15.34,,,
45,126,physical,26,12.45,,,
45,127,physical,52,10.5,,,
45,140,physical,6,1.74,,,
45,165,physical,92,7.33,,,
45,176,physical,61,10.87,,,
45,177,physical,20,12.52,,,
45,189,physical,66,3.66,,,
45,290,physical,79,7.05,,,
45,299,physical,51,19.82,,,
45,336,physical,95,17.01,,,
45,380,physical,76,7.39,,,
45,400,physical,66,11.11,,,
45,483,physical,91,11.7,,,
45,524,logical,,,,RUNS_ON,
46,72,physical,61,16.5,,,
46,92,physical,48,7.29,,,
46,142,physical,15,19.62,,,
46,152,physical,75,6.85,,,
46,177,physical,93,17.57,,,
46,220,physical,81,1.51,,,
46,318,physical,61,6.05,,,
46,338,physical,84,15.88,,,
46,401,physical,100,11.99,,,
46,548,logical,,,,RUNS_ON,
47,108,physical,30,14.71,,,
47,130,physical,75,10.13,,,
47,162,physical,68,12.95,,,
47,377,physical,80,15.72,,,
47,384,physical,49,3.81,,,
47,439,physical,88,5.6,,,
47,471,physical,74,19.02,,,
47,473,physical,15,4.62,,,
48,87,physical,57,6.96,,,
48,149,physical,20,8.85,,,
48,196,physical,27,8.8,,,
48,372,physical,100,12.62,,,
48,484,physical,61,17.58,,,
49,60,physical,95,14.82,,,
49,73,physical,91,3.62,,,
49,389,physical,27,11.66,,,
49,451,physical,85,10.09,,,
50,157,physical,49,6.96,,,
50,158,physical,23,9.73,,,
50,226,physical,69,7.5,,,12.09
50,369,physical,46,13.84,,,
50,390,physical,93,13.93,,,
50,417,physical,89,6.02,,,
50,423,physical,62,4.65,,,
50,440,physical,32,6.3,,,
51,75,physical,39,5.27,,,
51,96,physical,39,15.65,,,
51,116,physical,91,4.94,,,
51,120,physical,91,10.29,,,
51,128,physical,62,7.63,,,
51,226,physical,93,6.2,,,
51,277,physical,16,11.9,,,
51,330,physical,70,8.21,,,
51,413,physical,51,16.55,,,
53,97,physical,99,16.29,down,,
53,132,physical,38,1.8,,,
53,303,physical,92,2.5,,,
53,329,physical,57,13.46,,,
54,61,physical,96,10.1,,,
54,118,physical,26,16.73,,,
54,227,physical,35,18.73,,,
54,303,physical,90,6.16,,,
54,386,physical,14,12.7,,,
54,453,physical,76,5.55,,,
54,488,physical,7,13.73,,,
55,138,physical,68,5.29,,,
55,242,physical,30,2.0,,,
55,266,physical,53,7.28,,,
56,70,physical,61,2.91,,,
56,99,physical,99,3.61,,,
56,107,physical,71,19.58,,,
56,108,physical,21,8.73,down,,
56,111,physical,61,10.07,,,
56,112,physical,26,15.36,,,
56,166,physical,37,7.1,,,
56,205,physical,83,2.12,,,
56,221,physical,99,2.7,,,
56,243,physical,74,5.41,,,
56,299,physical,95,14.74,,,
56,316,physical,5,18.35,,,
56,362,physical,23,8.94,,,
56,364,physical,23,18.74,,,
56,376,physical,5,19.95,,,
56,382,physical,51,143.42,,,
56,398,physical,24,18.8,,,
56,402,physical,38,17.66,,,
56,423,physical,2,6.67,,,
56,428,physical,78,3.04,,,
56,461,physical,43,6.41,,,
56,492,physical,83,11.32,,,
57,386,physical,64,17.9,,,
58,82,physical,18,17.17,,,
58,239,physical,60,6.18,,,
58,274,physical,15,7.28,,,
58,386,physical,94,9.72,,,
58,430,physical,33,14.65,,,
58,435,physical,2,15.0,,,
58,473,physical,38,11.79,,,
59,129,physical,97,4.67,,,
59,146,physical,79,17.27,,,
59,161,physical,52,158.85,,,
59,248,physical,66,7.23,,,
59,331,physical,52,13.72,,,
60,184,physical,24,19.65,,,
60,197,physical,62,7.15,,,
60,277,physical,32,1.13,,,
60,333,physical,50,5.47,,,
60,468,physical,97,6.07,,,
61,62,physical,43,6.74,,,
61,124,physical,93,11.88,,,
61,165,physical,34,13.42,,,
61,179,physical,89,5.49,,,
61,458,physical,86,3.25,,,
61,532,logical,,,,RUNS_ON,
62,115,physical,40,4.03,,,
62,153,physical,88,10.55,,,
62,158,physical,91,15.63,,,
62,420,physical,89,3.23,,,
62,538,logical,,,,RUNS_ON,
64,75,physical,38,7.98,,,
64,315,physical,29,5.16,,,
64,390,physical,18,10.09,,,
64,416,physical,59,15.21,,,
64,425,physical,78,8.1,,,
65,298,physical,90,11.44,,,
65,447,physical,61,15.39,,,
66,363,physical,86,16.69,,,16.18
66,485,physical,98,5.7,,,
67,94,physical,97,12.32,,,
67,481,physical,11,10.98,,,
68,167,physical,68,14.37,,,
68,282,physical,10,18.43,,,
68,486,physical,15,2.17,,,
68,557,logical,,,,RUNS_ON,
69,77,physical,71,18.15,,,
69,95,physical,26,11.88,,,
69,164,physical,20,4.13,,,
69,280,physical,67,9.39,,,
69,443,physical,88,4.9,,,
69,444,physical,75,10.29,,,
70,109,physical,66,9.46,,,
70,187,physical,8,9.62,,,
70,240,physical,66,45.93,,,
70,242,physical,73,2.1,,,
70,327,physical,60,13.78,,,
70,338,physical,40,14.74,,,
70,439,physical,51,5.83,,,
70,443,physical,1,15.17,,,
70,476,physical,75,2.39,,,
71,77,physical,55,7.55,,,
71,103,physical,9,11.28,,,
71,166,physical,8,18.76,,,
71,170,physical,9,19.74,,,
71,236,physical,61,1.6,,,
71,273,physical,53,4.42,,,
71,297,physical,18,15.55,,,
71,361,physical,94,13.27,,,
71,381,physical,54,8.11,,,
71,391,physical,49,9.52,,,
71,451,physical,49,8.14,,,
71,463,physical,88,19.32,,,
73,210,physical,70,3.53,,,
73,238,physical,45,3.25,,,
73,314,physical,69,8.47,,,
73,335,physical,17,14.83,,,
73,492,physical,29,16.86,,,
74,106,physical,97,1.43,,,
74,124,physical,39,9.8,,,
74,181,physical,93,11.34,,,
74,264,physical,69,8.21,,,
74,290,physical,30,5.7,,,
74,309,physical,45,3.95,,,
74,398,physical,25,18.81,,,
74,518,logical,,,,RUNS_ON,
75,132,physical,93,15.54,,,
75,183,physical,5,16.38,,,
75,406,physical,54,12.68,,,
76,81,physical,3,5.57,,,
76,85,physical,9,2.92,,,
76,285,physical,5,9.48,,,
76,429,physical,87,14.36,,,
76,469,physical,7,5.65,,,
76,472,physical,6,8.64,,,
76,479,physical,30,11.26,,,
76,495,physical,97,17.41,,,
76,496,physical,8,3.66,,,
77,117,physical,38,5.45,,,
77,193,physical,94,11.95,,,
77,216,physical,74,12.36,,,
77,306,physical,87,16.55,,,
77,325,physical,31,6.73,,,
77,481,physical,19,19.73,,,
77,482,physical,67,5.2,,,
78,90,physical,39,6.23,down,,
78,237,physical,72,19.02,,,
78,273,physical,95,18.32,,,
78,409,physical,81,13.9,,,
79,187,physical,72,10.42,,,
79,205,physical,45,18.89,,,
79,230,physical,86,8.24,,,
79,328,physical,68,7.06,,,
80,96,physical,54,8.76,,,
80,135,physical,39,8.15,,,
80,217,physical,97,11.22,,,
80,243,physical,31,17.14,,,
80,289,physical,39,17.29,,,
80,438,physical,19,16.31,,,
80,461,physical,8,11.69,,,
81,89,physical,54,11.59,,,
81,153,physical,18,8.38,,,
81,203,physical,33,4.86,,,
81,206,physical,83,15.22,,,
81,228,physical,58,17.1,,,
81,281,physical,12,11.18,,,
81,332,physical,25,1.98,,,
81,351,physical,49,13.8,,,
81,394,physical,78,1.75,,,
81,422,physical,10,4.58,,,
81,472,physical,98,12.16,,,
81,488,physical,86,11.62,,,
81,529,logical,,,,RUNS_ON,
81,543,logical,,,,RUNS_ON,
82,324,physical,62,4.97,,,
82,433,physical,43,6.76,,,
84,202,physical,2,5.02,,,
84,316,physical,25,19.28,,,
84,365,physical,16,15.19,,,
84,535,logical,,,,RUNS_ON,
85,92,physical,97,10.1,,,
85,107,physical,32,14.22,,,
85,244,physical,91,4.89,,,
85,252,physical,31,11.49,,,
85,311,physical,100,6.38,,,
85,361,physical,60,11.14,,,
85,479,physical,46,6.86,,,
85,483,physical,47,10.74,,,
85,490,physical,64,9.85,,,
86,188,physical,93,9.92,,,
86,258,physical,41,18.37,,,
87,305,physical,48,6.95,,,
87,523,logical,,,,RUNS_ON,
88,100,physical,6,11.69,,,
88,280,physical,29,15.08,,,
88,296,physical,3,5.95,,,
88,450,physical,75,12.0,,,
89,102,physical,54,6.61,,,
89,159,physical,26,7.27,,,
89,460,physical,49,11.83,,,
91,170,physical,32,10.49,,,
91,225,physical,84,18.93,,,
91,250,physical,44,5.89,,,
91,286,physical,63,19.36,,,
91,370,physical,83,15.05,,,
91,439,physical,59,4.2,,,
91,455,physical,46,4.22,,,
91,487,physical,93,11.38,,,
92,416,physical,24,96.93,,,
92,457,physical,70,19.82,,,
92,490,physical,8,10.95,,,
93,101,physical,10,18.96,,,
93,168,physical,86,1.92,,,
93,202,physical,1,8.84,,,
93,211,physical,81,5.4,,,
93,261,physical,91,3.87,,,
93,321,physical,28,10.61,,,
93,330,physical,48,2.15,,,
93,383,physical,82,13.67,,,12.82
94,113,physical,79,18.34,,,
94,160,physical,85,10.27,,,
94,171,physical,1,11.11,,,
94,257,physical,53,1.23,,,
94,412,physical,68,14.72,,,
95,98,physical,69,19.57,,,
95,117,physical,3,10.54,,,
95,173,physical,90,13.81,,,
95,185,physical,23,3.03,,,
95,204,physical,13,10.96,,,
95,265,physical,31,4.65,,,
95,337,physical,68,5.8,,,
95,371,physical,46,6.08,,,
95,417,physical,51,2.5,,,
95,421,physical,52,9.72,,,
95,433,physical,32,19.81,,,
95,436,physical,29,6.7,,,
95,558,logical,,,,RUNS_ON,
96,202,physical,11,13.42,,,
96,292,physical,84,15.43,,,
97,120,physical,12,8.7,,,
97,125,physical,49,11.5,,,
97,172,physical,8,13.1,,,
97,201,physical,90,4.26,,,
97,227,physical,64,17.06,,,
98,133,physical,83,15.9,,,
98,141,physical,73,19.57,,,
98,144,physical,13,18.0,,,
98,148,physical,6,5.37,,,
98,193,physical,89,17.86,,,
98,327,physical,61,6.15,,,
99,185,physical,10,14.0,,,
99,220,physical,36,18.09,,,
99,288,physical,73,13.5,,,
99,291,physical,23,18.65,,,
99,322,physical,41,1.3,,,
99,359,physical,27,12.15,,,
100,181,physical,97,16.59,,,
100,203,physical,51,18.65,,,
100,399,physical,39,4.09,,,
101,105,physical,31,11.77,,,
101,334,physical,50,13.86,,,
101,368,physical,70,7.3,,,
101,454,physical,97,15.06,,,
102,106,physical,89,14.76,,,
102,166,physical,65,15.16,,,
102,293,physical,45,2.02,,,
103,178,physical,56,5.41,,,
103,421,physical,10,7.47,,,
103,453,physical,99,12.66,,,
104,164,physical,77,8.54,,,
104,214,physical,100,7.2,,,
104,308,physical,82,6.19,,,
105,176,physical,58,10.32,,,
105,180,physical,46,11.51,,,
105,245,physical,49,9.21,,,
106,181,physical,88,12.13,,,
106,254,physical,49,2.63,,,
106,304,physical,80,6.61,,,
106,336,physical,32,14.55,,,
106,379,physical,11,6.09,,,
106,478,physical,49,14.52,,,
107,275,physical,82,3.93,,,
107,280,physical,50,7.02,,,
107,332,physical,14,2.74,,,
107,366,physical,40,9.45,,,
107,480,physical,98,6.13,,,
108,142,physical,17,2.66,,,
108,176,physical,56,9.53,,,
108,186,physical,72,10.74,,,
108,494,physical,14,1.5,,,
110,282,physical,46,11.53,,,
110,402,physical,77,12.36,,,
111,130,physical,42,17.41,,,17.44
112,182,physical,2,6.55,,,
112,287,physical,50,15.8,,,
112,350,physical,93,18.12,,,
113,263,physical,32,11.87,,,
113,283,physical,22,14.02,,,
113,377,physical,22,3.64,down,,
113,428,physical,39,6.1,,,
113,474,physical,19,2.2,,,
113,489,physical,56,6.24,,,
114,118,physical,39,10.2,,,
114,225,physical,10,7.86,,,12.96
114,226,physical,32,14.7,,,
114,254,physical,64,12.28,,,
115,155,physical,26,9.7,,,
115,175,physical,18,6.79,,,
115,198,physical,51,7.31,,,
115,209,physical,80,8.22,,,
115,278,physical,43,9.36,,,
115,354,physical,56,16.49,,,
115,355,physical,84,19.51,,,
116,119,physical,18,6.71,,,
116,140,physical,78,19.0,down,,
116,265,physical,26,10.1,,,
116,298,physical,23,19.33,,,
116,392,physical,41,6.54,,,
117,204,physical,89,13.03,,,
117,218,physical,74,15.86,,,
117,262,physical,42,8.15,,,
117,286,physical,51,7.94,,,
117,287,physical,73,4.8,,,
117,288,physical,70,4.42,,,
117,326,physical,99,11.45,,,
117,343,physical,94,9.77,,,
117,358,physical,91,4.98,,,
117,365,physical,38,166.59,,,
117,387,physical,9,16.56,,,
117,475,physical,53,13.79,,,
118,160,physical,18,13.03,,,
120,134,physical,31,5.8,,,
120,190,physical,20,14.59,,,
120,199,physical,49,2.41,,,
121,247,physical,77,10.11,,,
121,459,physical,52,11.15,,,
122,150,physical,89,8.95,,,
122,346,physical,5,16.02,,,
122,397,physical,47,14.33,,,
122,418,physical,69,12.28,,,
123,169,physical,11,3.08,,,
123,450,physical,32,13.49,,,
125,172,physical,46,4.16,,,
125,397,physical,79,1.84,,,
126,251,physical,83,13.87,,,
126,347,physical,52,19.37,,,
128,146,physical,43,19.35,,,
128,173,physical,56,3.01,,,
128,214,physical,13,5.92,,,
128,237,physical,66,15.19,,,
128,276,physical,72,12.03,,,
129,131,physical,74,5.2,,,
129,173,physical,48,8.43,,,
129,241,physical,99,13.91,,,
129,294,physical,89,10.51,,,
129,357,physical,45,19.96,,,
129,468,physical,62,2.99,,,
130,142,physical,54,18.49,,,
130,208,physical,11,3.21,,,
130,550,logical,,,,RUNS_ON,
131,376,physical,94,3.69,,,
132,212,physical,40,7.52,,,
132,309,physical,27,10.9,,,
132,413,physical,45,10.05,,,
132,446,physical,57,14.72,,,
133,207,physical,58,7.06,,,
133,392,physical,39,1.85,,,
134,158,physical,91,3.19,,,
134,189,physical,44,13.31,,,
134,215,physical,87,16.2,,,
134,220,physical,95,5.63,,,
134,378,physical,23,11.49,,,
135,211,physical,43,11.64,,,
135,218,physical,60,5.41,,,
136,146,physical,52,12.97,,,
136,211,physical,24,13.17,,,
136,250,physical,56,8.52,,,
136,313,physical,95,12.67,,,
136,329,physical,26,9.54,,,
136,462,physical,55,8.39,,,
138,154,physical,91,5.08,,,
138,198,physical,36,15.29,,,
138,310,physical,9,11.97,,,
138,405,physical,69,4.55,,,
138,431,physical,42,4.74,,,
139,144,physical,15,5.98,,,
139,147,physical,63,11.03,,,
139,301,physical,82,6.95,,,
139,503,logical,,,,RUNS_ON,
139,542,logical,,,,RUNS_ON,
140,171,physical,50,12.61,,,
141,180,physical,76,3.17,,,
141,269,physical,46,17.06,,,
141,359,physical,80,4.28,,,
142,531,logical,,,,RUNS_ON,
144,208,physical,87,14.41,,,
144,210,physical,39,18.45,,,
144,541,logical,,,,RUNS_ON,
145,526,logical,,,,RUNS_ON,
146,160,physical,76,2.61,,,
146,179,physical,18,6.95,,,
146,228,physical,31,6.8,,,
147,447,physical,24,8.09,,,
148,198,physical,19,10.71,,,
148,411,physical,54,12.33,,,
148,556,logical,,,,RUNS_ON,
149,151,physical,74,8.29,,,
149,182,physical,24,10.25,,,
149,478,physical,69,14.18,,,
150,157,physical,83,18.68,,,
150,251,physical,23,11.54,,,
151,154,physical,63,59.44,,,
151,217,physical,24,6.98,,,
151,253,physical,58,12.77,,,
151,254,physical,46,19.08,,,
151,256,physical,63,3.59,,,
151,505,logical,,,,RUNS_ON,
152,162,physical,50,19.31,,,
152,209,physical,65,13.41,,,
152,334,physical,53,14.01,,,
152,341,physical,54,14.49,,,
152,380,physical,57,10.29,,,
152,412,physical,11,11.74,,,
152,453,physical,98,5.19,,,
152,509,logical,,,,RUNS_ON,
153,183,physical,5,6.22,,,
155,272,physical,69,6.48,,,
155,425,physical,100,9.69,,,
155,512,logical,,,,RUNS_ON,
156,168,physical,96,15.68,,,
156,200,physical,64,11.44,,,
156,259,physical,15,11.88,,,
156,260,physical,35,15.73,,,
156,285,physical,47,11.3,,,
156,309,physical,97,1.79,,,
156,319,physical,93,9.39,,,
156,330,physical,28,19.81,,,
156,356,physical,14,14.98,,,
156,462,physical,84,15.28,,,
157,279,physical,39,17.62,,,
157,323,physical,5,9.54,,,
158,196,physical,45,17.38,,,
158,479,physical,12,9.34,,,
159,252,physical,16,15.74,,,
160,171,physical,31,4.99,,,
160,224,physical,95,12.17,,,
160,249,physical,45,17.36,,,
160,329,physical,79,13.02,,,
160,458,physical,22,12.71,,,
161,182,physical,27,16.46,,,
161,194,physical,8,11.83,,,
161,196,physical,69,6.34,,,
161,236,physical,69,4.2,,,
161,246,physical,91,6.56,,,
161,256,physical,74,6.08,,,
161,260,physical,66,19.72,,,
161,399,physical,87,16.49,,,
162,219,physical,18,19.29,,,
162,335,physical,53,18.46,,,
162,429,physical,36,17.47,,,
163,229,physical,17,14.33,,,
164,184,physical,17,5.74,,,
164,235,physical,92,7.12,,,
164,276,physical,32,15.47,,,
164,407,physical,87,8.46,,,
164,459,physical,19,11.97,,,
165,213,physical,35,12.93,,,
165,271,physical,49,9.59,,,
168,217,physical,82,16.1,,,
168,554,logical,,,,RUNS_ON,
169,216,physical,99,2.77,,,
169,269,physical,66,15.25,,,
169,395,physical,89,18.79,,,
169,408,physical,48,9.64,,,
170,272,physical,63,7.22,,,
170,295,physical,1,17.51,,,
170,301,physical,94,2.77,,,
171,191,physical,59,13.06,,,
171,262,physical,90,7.81,,,
171,338,physical,9,16.12,,,
172,544,logical,,,,RUNS_ON,
173,337,physical,51,5.14,,,
173,372,physical,55,16.67,,,
173,404,physical,64,6.1,,,
175,249,physical,37,7.42,,,
178,185,physical,74,3.48,,,
179,194,physical,63,15.98,,,
180,201,physical,88,15.48,,,
181,427,physical,6,2.89,,,
183,385,physical,59,1.31,,,
183,426,physical,21,9.38,,,
184,247,physical,1,19.84,,,
185,283,physical,55,4.84,,,
186,215,physical,89,171.5,,,
186,255,physical,84,6.74,,,
186,285,physical,36,2.77,,,
186,345,physical,47,5.76,,,
187,513,logical,,,,RUNS_ON,
188,328,physical,48,13.63,,,
188,462,physical,84,4.14,,,
188,506,logical,,,,RUNS_ON,
189,366,physical,51,12.89,,,
190,278,physical,93,14.29,,,
190,472,physical,30,9.16,,,
191,276,physical,12,120.45,,,
191,293,physical,1,5.06,,,
191,352,physical,10,3.52,,,
191,370,physical,29,10.87,,,
192,266,physical,57,1.18,,,
192,269,physical,90,7.53,,,
192,347,physical,16,19.77,,,
193,197,physical,55,14.19,,,
193,312,physical,62,2.35,,,
193,441,physical,50,2.7,,,
193,448,physical,14,2.96,,,
195,222,physical,48,17.74,,,
195,236,physical,18,8.27,,,
197,260,physical,97,17.62,,,
198,296,physical,83,19.87,,,
198,322,physical,19,2.3,,,
199,212,physical,73,1.16,,,
199,241,physical,84,4.12,,,
199,302,physical,45,14.73,,,
199,352,physical,81,15.22,,,
199,360,physical,53,12.71,,,
200,240,physical,57,17.34,,,
201,275,physical,12,18.04,,,
203,311,physical,18,15.3,,,
203,516,logical,,,,RUNS_ON,
203,547,logical,,,,RUNS_ON,
204,408,physical,76,14.87,,,
204,409,physical,45,19.3,,,
205,319,physical,41,16.03,,,
206,287,physical,32,6.26,,,
206,372,physical,11,5.72,,,
206,388,physical,77,12.4,,,
206,450,physical,78,6.41,,,
207,245,physical,89,1.51,,,
208,215,physical,85,17.64,,,
208,233,physical,27,10.84,,,
208,362,physical,66,4.58,,,
208,466,physical,51,6.62,,,
209,238,physical,7,15.89,,,
209,307,physical,31,10.4,,,
209,319,physical,15,5.58,,,
210,434,physical,82,12.28,down,,
212,521,logical,,,,RUNS_ON,
213,414,physical,68,17.89,,,
214,312,physical,2,19.75,,,
216,314,physical,41,3.51,,,
217,302,physical,73,9.0,,,
217,353,physical,70,13.98,,,
217,360,physical,98,9.95,,,
219,252,physical,99,2.39,,,
219,416,physical,76,2.28,,,
219,476,physical,34,5.1,,,
220,294,physical,8,19.02,,,
220,482,physical,51,90.15,,,
222,376,physical,81,14.54,,,
222,470,physical,99,8.89,,,
223,354,physical,90,8.64,,,
224,231,physical,82,11.19,down,,
224,261,physical,79,3.9,down,,
224,474,physical,11,6.89,,,
226,431,physical,66,18.5,,,
226,520,logical,,,,RUNS_ON,
228,248,physical,20,11.19,,,
228,326,physical,51,12.14,,,
229,275,physical,98,16.86,,,
229,374,physical,88,13.22,,,
229,381,physical,40,14.27,,,
230,349,physical,94,156.68,,,
230,449,physical,31,2.1,,,
230,493,physical,12,18.57,,,
231,235,physical,15,9.61,,,
236,245,physical,78,2.05,,,
237,323,physical,86,15.09,,,
238,243,physical,95,4.34,,,
238,270,physical,2,14.45,,,
238,284,physical,90,1.22,,,
238,374,physical,64,19.11,,,
238,396,physical,67,67.18,,,
238,403,physical,93,5.93,,,
238,488,physical,48,3.41,,,
239,546,logical,,,,RUNS_ON,
240,244,physical,100,17.6,,,
240,349,physical,94,17.84,,,
241,336,physical,99,18.1,,,
241,388,physical,43,16.34,,,
242,279,physical,35,10.95,,,
242,322,physical,34,14.53,,,
243,412,physical,74,12.92,,,
244,291,physical,64,9.65,,,
245,271,physical,47,2.05,,,
247,394,physical,73,4.17,,,
247,445,physical,21,5.85,,,
247,457,physical,14,17.99,,,
247,508,logical,,,,RUNS_ON,
247,533,logical,,,,RUNS_ON,
247,553,logical,,,,RUNS_ON,
248,268,physical,87,14.73,down,,
249,357,physical,30,15.07,,,
250,443,physical,1,1.84,,,
252,257,physical,2,5.65,,,
252,419,physical,61,7.92,,,
252,424,physical,20,4.4,,,
253,340,physical,5,11.5,,,
253,444,physical,92,15.07,,,10.08
253,496,physical,54,5.27,,,
254,427,physical,32,8.91,,,
255,313,physical,93,7.08,,,
255,353,physical,10,11.86,,,
255,427,physical,16,10.54,,,
255,441,physical,7,4.41,,,
255,447,physical,67,19.65,,,
255,463,physical,52,2.31,,,
255,477,physical,60,17.45,,,
255,498,physical,100,17.05,down,,
256,283,physical,42,2.64,down,,
256,428,physical,59,1.15,,,
257,278,physical,26,6.54,,,
258,333,physical,39,15.05,,,
258,394,physical,32,9.81,,,
258,483,physical,76,19.47,,,
259,295,physical,99,15.74,,,
260,375,physical,94,18.11,,,7.87
261,270,physical,98,16.12,,,
263,306,physical,20,1.12,,,
264,368,physical,53,1.45,,,
265,406,physical,70,7.58,,,
266,379,physical,89,17.67,,,
267,308,physical,43,1.03,,,
271,325,physical,85,8.15,,,
271,367,physical,95,14.82,,,
272,307,physical,14,4.9,,,
273,332,physical,31,8.98,,,
273,494,physical,8,19.48,,,
274,445,physical,19,14.52,,,
274,517,logical,,,,RUNS_ON,
274,534,logical,,,,RUNS_ON,
276,502,logical,,,,RUNS_ON,
278,355,physical,12,1.83,,,
279,304,physical,30,18.05,,,
281,349,physical,67,8.85,,,
281,363,physical,48,9.71,,,
281,433,physical,96,2.61,,,
281,440,physical,13,10.6,,,
281,515,logical,,,,RUNS_ON,
282,384,physical,82,16.58,,,
283,300,physical,10,12.25,,,
284,501,logical,,,,RUNS_ON,
286,366,physical,8,9.26,,,
286,417,physical,17,5.5,,,
286,481,physical,34,17.17,,,
288,539,logical,,,,RUNS_ON,
291,490,physical,51,14.31,,,
292,404,physical,95,7.2,,,
292,536,logical,,,,RUNS_ON,
295,498,physical,58,6.17,,,
296,310,physical,10,18.93,,,
296,344,physical,18,15.82,,,
296,476,physical,75,3.07,,,
296,478,physical,14,33.27,,,
297,486,physical,60,6.97,,,
300,347,physical,16,11.18,,,
301,522,logical,,,,RUNS_ON,
301,528,logical,,,,RUNS_ON,
303,382,physical,99,4.95,,,
303,415,physical,40,9.8,,,
304,346,physical,16,2.72,,,
304,358,physical,88,6.78,,,
304,403,physical,91,14.24,,,
305,391,physical,6,5.09,,,
305,442,physical,42,3.82,,,
305,469,physical,92,5.72,,,15.17
306,340,physical,46,8.53,,,
306,442,physical,7,13.87,,,
306,467,physical,34,16.58,,,
307,373,physical,23,1.59,,,
311,464,physical,52,17.24,,,
311,551,logical,,,,RUNS_ON,
312,437,physical,72,15.21,,,
312,475,physical,32,2.8,down,,
312,480,physical,14,16.27,,,
313,375,physical,18,3.31,,,
314,367,physical,8,16.78,,,
314,383,physical,29,3.48,,,
314,405,physical,52,8.07,,,
315,466,physical,81,18.81,,,
316,400,physical,11,12.06,,,
317,400,physical,34,18.43,,,
319,432,physical,10,1.41,,,
320,401,physical,9,4.76,,,
321,327,physical,83,9.43,,,
322,422,physical,17,2.75,,,
323,348,physical,43,3.33,,,
323,385,physical,60,1.96,,,
323,475,physical,74,9.23,,,
324,337,physical,93,8.5,,,
324,429,physical,4,8.27,,,
324,440,physical,55,4.28,,,
325,378,physical,28,18.26,,,
326,484,physical,36,6.32,,,
329,468,physical,20,1.66,,,
331,421,physical,80,12.72,,,
332,406,physical,83,6.61,,,
333,360,physical,53,17.77,,,
333,374,physical,62,2.16,,,
333,537,logical,,,,RUNS_ON,
336,507,logical,,,,RUNS_ON,
337,469,physical,36,8.28,,,
338,348,physical,54,4.79,,,
342,399,physical,68,5.73,,,
345,381,physical,70,16.1,,,
345,420,physical,49,15.86,,,
346,464,physical,46,10.11,,,
349,369,physical,63,7.54,,,
349,371,physical,73,10.55,,,
349,419,physical,50,6.14,,,
353,559,logical,,,,RUNS_ON,
356,357,physical,4,7.06,,,
358,466,physical,29,1.56,,,
362,545,logical,,,,RUNS_ON,
365,396,physical,100,6.34,,,
369,436,physical,61,11.06,,,
370,373,physical,99,12.1,,,
371,438,physical,30,19.51,,,
371,455,physical,13,5.71,,,
373,375,physical,31,6.06,,,
374,444,physical,95,2.06,,,
377,552,logical,,,,RUNS_ON,
382,487,physical,29,11.94,,,
382,496,physical,50,7.74,,,13.58
385,498,physical,23,4.35,,,
385,525,logical,,,,RUNS_ON,
391,519,logical,,,,RUNS_ON,
394,497,physical,76,7.04,,,
397,493,physical,95,14.25,,,
398,415,physical,76,1.54,,,
402,473,physical,90,7.68,,,
403,438,physical,73,11.71,,,
404,458,physical,73,19.02,,,
409,454,physical,64,11.3,,,
410,448,physical,23,10.32,,,
410,474,physical,12,2.07,,,
412,491,physical,78,5.16,,,
421,499,physical,68,10.08,,,
421,504,logical,,,,RUNS_ON,
422,465,physical,43,18.44,,,
424,527,logical,,,,RUNS_ON,
425,430,physical,26,16.32,,,
426,514,logical,,,,RUNS_ON,
439,448,physical,44,14.62,,,
441,499,physical,42,2.13,,,
449,477,physical,19,12.15,,,
452,465,physical,19,15.71,,,
463,499,physical,68,17.35,,,
471,484,physical,10,8.1,,,
488,511,logical,,,,RUNS_ON,
490,549,logical,,,,RUNS_ON,
491,510,logical,,,,RUNS_ON,
494,530,logical,,,,RUNS_ON,
499,500,logical,,,,RUNS_ON,
505,561,service,,,,DEPENDS_ON,
505,571,service,,,,DEPENDS_ON,
505,580,service,,,,DEPENDS_ON,
507,583,service,,,,DEPENDS_ON,
508,586,service,,,,DEPENDS_ON,
509,570,service,,,,DEPENDS_ON,
511,562,service,,,,DEPENDS_ON,
511,584,service,,,,DEPENDS_ON,
512,589,service,,,,DEPENDS_ON,
513,585,service,,,,DEPENDS_ON,
514,568,service,,,,DEPENDS_ON,
516,566,service,,,,DEPENDS_ON,
523,564,service,,,,DEPENDS_ON,
527,587,service,,,,DEPENDS_ON,
528,565,service,,,,DEPENDS_ON,
529,567,service,,,,DEPENDS_ON,
530,579,service,,,,DEPENDS_ON,
531,560,service,,,,DEPENDS_ON,
532,582,service,,,,DEPENDS_ON,
534,577,service,,,,DEPENDS_ON,
535,574,service,,,,DEPENDS_ON,
536,569,service,,,,DEPENDS_ON,
536,578,service,,,,DEPENDS_ON,
543,588,service,,,,DEPENDS_ON,
548,573,service,,,,DEPENDS_ON,
551,572,service,,,,DEPENDS_ON,
552,576,service,,,,DEPENDS_ON,
553,575,service,,,,DEPENDS_ON,
556,563,service,,,,DEPENDS_ON,
557,581,service,,,,DEPENDS_ON,
560,611,business,,,,SUBSCRIBED_TO,
564,606,business,,,,SUBSCRIBED_TO,
564,614,business,,,,SUBSCRIBED_TO,
565,605,business,,,,SUBSCRIBED_TO,
567,609,business,,,,SUBSCRIBED_TO,
568,590,business,,,,SUBSCRIBED_TO,
569,612,business,,,,SUBSCRIBED_TO,
572,592,business,,,,SUBSCRIBED_TO,
572,603,business,,,,SUBSCRIBED_TO,
572,608,business,,,,SUBSCRIBED_TO,
573,597,business,,,,SUBSCRIBED_TO,
574,615,business,,,,SUBSCRIBED_TO,
574,618,business,,,,SUBSCRIBED_TO,
575,610,business,,,,SUBSCRIBED_TO,
576,594,business,,,,SUBSCRIBED_TO,
576,596,business,,,,SUBSCRIBED_TO,
577,593,business,,,,SUBSCRIBED_TO,
578,598,business,,,,SUBSCRIBED_TO,
578,600,business,,,,SUBSCRIBED_TO,
579,604,business,,,,SUBSCRIBED_TO,
580,617,business,,,,SUBSCRIBED_TO,
581,607,business,,,,SUBSCRIBED_TO,
583,616,business,,,,SUBSCRIBED_TO,
583,619,business,,,,SUBSCRIBED_TO,
584,599,business,,,,SUBSCRIBED_TO,
585,595,business,,,,SUBSCRIBED_TO,
587,601,business,,,,SUBSCRIBED_TO,
587,613,business,,,,SUBSCRIBED_TO,
588,602,business,,,,SUBSCRIBED_TO,
589,591,business,,,,SUBSCRIBED_TO,
